{
  "project_info": {
    "project_number": "54248664671",
    "project_id": "progetto-mobile-4fc0c",
    "storage_bucket": "progetto-mobile-4fc0c.appspot.com"
  },
  "client": [
    {
      "client_info": {
        "mobilesdk_app_id": "1:54248664671:android:8f75084eb7a704fe0875ea",
        "android_client_info": {
          "package_name": "com.example.applicazione"
        }
      },
      "oauth_client": [
        {
          "client_id": "54248664671-ij83aikt3tkice52l2anfnmnmeoa0eoq.apps.googleusercontent.com",
          "client_type": 3
        }
      ],
      "api_key": [
        {
          "current_key": "AIzaSyCO8hUaV41jhne_C5EKaWzss4GR5zJqZRQ"
        }
      ],
      "services": {
        "appinvite_service": {
          "other_platform_oauth_client": [
            {
              "client_id": "54248664671-ij83aikt3tkice52l2anfnmnmeoa0eoq.apps.googleusercontent.com",
              "client_type": 3
            }
          ]
        }
      }
    },
    {
      "client_info": {
        "mobilesdk_app_id": "1:54248664671:android:635576f75fdb342a0875ea",
        "android_client_info": {
          "package_name": "progetto.mobile"
        }
      },
      "oauth_client": [
        {
          "client_id": "54248664671-ij83aikt3tkice52l2anfnmnmeoa0eoq.apps.googleusercontent.com",
          "client_type": 3
        }
      ],
      "api_key": [
        {
          "current_key": "AIzaSyCO8hUaV41jhne_C5EKaWzss4GR5zJqZRQ"
        }
      ],
      "services": {
        "appinvite_service": {
          "other_platform_oauth_client": [
            {
              "client_id": "54248664671-ij83aikt3tkice52l2anfnmnmeoa0eoq.apps.googleusercontent.com",
              "client_type": 3
            }
          ]
        }
      }
    }
  ],
  "configuration_version": "1"
}